Time,Current,,,,,,
0.00000000000000000000,0.00000000094070600000,,,,,,
0.94700000000000000000,0.00000000127528000000,,,,,,
2.04400000000000000000,0.00000000131154000000,,,,,,
2.17500000000000000000,0.00000000133411000000,,,,,,
2.29800000000000000000,0.00000000133331000000,,,,,,
2.42400000000000000000,0.00000000132999000000,,,,,,
2.54900000000000000000,0.00000000133202000000,,,,,,
2.67200000000000000000,0.00000000133172000000,,,,,,
2.79700000000000000000,0.00000000133068000000,,,,,,
2.92400000000000000000,0.00000000132985000000,,,,,,
3.04800000000000000000,0.00000000132979000000,,,,,,
3.17400000000000000000,0.00000000132998000000,,,,,,
3.29800000000000000000,0.00000000132938000000,,,,,,
3.42200000000000000000,0.00000000132845000000,,,,,,
3.54600000000000000000,0.00000000132796000000,,,,,,
3.67200000000000000000,0.00000000132782000000,,,,,,
3.79600000000000000000,0.00000000132744000000,,,,,,
3.92100000000000000000,0.00000000132738000000,,,,,,
4.04800000000000000000,0.00000000132646000000,,,,,,
4.17400000000000000000,0.00000000132590000000,,,,,,
4.29900000000000000000,0.00000000132538000000,,,,,,
4.42400000000000000000,0.00000000132505000000,,,,,,
4.54800000000000000000,0.00000000132473000000,,,,,,
4.67400000000000000000,0.00000000132431000000,,,,,,
4.79800000000000000000,0.00000000132400000000,,,,,,
4.92200000000000000000,0.00000000132339000000,,,,,,
5.04600000000000000000,0.00000000132347000000,,,,,,
5.17300000000000000000,0.00000000132299000000,,,,,,
5.29700000000000000000,0.00000000132278000000,,,,,,
5.42200000000000000000,0.00000000132247000000,,,,,,
5.54600000000000000000,0.00000000132216000000,,,,,,
5.67200000000000000000,0.00000000132185000000,,,,,,
5.79600000000000000000,0.00000000132137000000,,,,,,
5.92100000000000000000,0.00000000132128000000,,,,,,
6.04600000000000000000,0.00000000132049000000,,,,,,
6.17200000000000000000,0.00000000132045000000,,,,,,
6.29600000000000000000,0.00000000132009000000,,,,,,
6.41900000000000000000,0.00000000131982000000,,,,,,
6.54200000000000000000,0.00000000131968000000,,,,,,
6.66900000000000000000,0.00000000131927000000,,,,,,
6.79300000000000000000,0.00000000131926000000,,,,,,
6.91800000000000000000,0.00000000131887000000,,,,,,
7.04300000000000000000,0.00000000131862000000,,,,,,
7.16800000000000000000,0.00000000131884000000,,,,,,
7.29300000000000000000,0.00000000131829000000,,,,,,
7.41800000000000000000,0.00000000131799000000,,,,,,
7.54300000000000000000,0.00000000131777000000,,,,,,
7.66700000000000000000,0.00000000131768000000,,,,,,
7.79200000000000000000,0.00000000131707000000,,,,,,
7.91800000000000000000,0.00000000131695000000,,,,,,
8.04300000000000000000,0.00000000131643000000,,,,,,
8.16800000000000000000,0.00000000131711000000,,,,,,
8.29300000000000000000,0.00000000131641000000,,,,,,
8.41800000000000000000,0.00000000131590000000,,,,,,
8.54500000000000000000,0.00000000131587000000,,,,,,
8.66800000000000000000,0.00000000131549000000,,,,,,
8.79200000000000000000,0.00000000131559000000,,,,,,
8.91800000000000000000,0.00000000131507000000,,,,,,
9.04300000000000000000,0.00000000131513000000,,,,,,
9.16700000000000000000,0.00000000131494000000,,,,,,
9.29300000000000000000,0.00000000131488000000,,,,,,
9.41900000000000000000,0.00000000131427000000,,,,,,
9.54300000000000000000,0.00000000131434000000,,,,,,
9.66800000000000000000,0.00000000131407000000,,,,,,
9.83600000000000000000,0.00000000131378000000,,,,,,
9.95900000000000000000,0.00000000131369000000,,,,,,
10.08900000000000000000,0.00000000131380000000,,,,,,
10.21800000000000000000,0.00000000131369000000,,,,,,
10.34200000000000000000,0.00000000131334000000,,,,,,
10.46800000000000000000,0.00000000131322000000,,,,,,
10.59400000000000000000,0.00000000131293000000,,,,,,
10.71800000000000000000,0.00000000131330000000,,,,,,
10.84200000000000000000,0.00000000131282000000,,,,,,
10.96600000000000000000,0.00000000131267000000,,,,,,
11.09200000000000000000,0.00000000131266000000,,,,,,
11.21800000000000000000,0.00000000131213000000,,,,,,
11.34400000000000000000,0.00000000131271000000,,,,,,
11.46800000000000000000,0.00000000131232000000,,,,,,
11.59100000000000000000,0.00000000131235000000,,,,,,
11.71700000000000000000,0.00000000131186000000,,,,,,
11.84200000000000000000,0.00000000131177000000,,,,,,
11.96600000000000000000,0.00000000131181000000,,,,,,
12.09100000000000000000,0.00000000131130000000,,,,,,
12.21700000000000000000,0.00000000131118000000,,,,,,
12.34200000000000000000,0.00000000131093000000,,,,,,
12.46600000000000000000,0.00000000131096000000,,,,,,
12.59100000000000000000,0.00000000131060000000,,,,,,
12.71400000000000000000,0.00000000131047000000,,,,,,
12.83900000000000000000,0.00000000131048000000,,,,,,
12.96200000000000000000,0.00000000131048000000,,,,,,
13.08900000000000000000,0.00000000131008000000,,,,,,
13.21400000000000000000,0.00000000131050000000,,,,,,
13.33900000000000000000,0.00000000131005000000,,,,,,
13.46200000000000000000,0.00000000130970000000,,,,,,
13.58900000000000000000,0.00000000130972000000,,,,,,
13.71600000000000000000,0.00000000130959000000,,,,,,
13.84100000000000000000,0.00000000130896000000,,,,,,
13.96600000000000000000,0.00000000130879000000,,,,,,
14.09500000000000000000,0.00000000130921000000,,,,,,
14.22100000000000000000,0.00000000128914000000,,,,,,
14.34500000000000000000,0.00000000124634000000,,,,,,
14.46900000000000000000,0.00000000121265000000,,,,,,
14.59400000000000000000,0.00000000118031000000,,,,,,
14.71900000000000000000,0.00000000114282000000,,,,,,
14.84400000000000000000,0.00000000111152000000,,,,,,
14.96800000000000000000,0.00000000107331000000,,,,,,
15.09900000000000000000,0.00000000103935000000,,,,,,
15.22400000000000000000,0.00000000100500000000,,,,,,
15.34600000000000000000,0.00000000061434600000,,,,,,
16.89300000000000000000,0.00000000047881600000,,,,,,
17.83600000000000000000,0.00000000047680000000,,,,,,
18.77100000000000000000,0.00000000047136800000,,,,,,
19.71000000000000000000,0.00000000047061800000,,,,,,
20.64400000000000000000,0.00000000046939000000,,,,,,
21.58000000000000000000,0.00000000046799700000,,,,,,
22.51800000000000000000,0.00000000046574200000,,,,,,
23.46000000000000000000,0.00000000045974400000,,,,,,
24.39800000000000000000,0.00000000045760900000,,,,,,
25.33700000000000000000,0.00000000045571100000,,,,,,
26.31600000000000000000,0.00000000045342100000,,,,,,
27.25100000000000000000,0.00000000045133800000,,,,,,
28.18800000000000000000,0.00000000044914900000,,,,,,
29.12500000000000000000,0.00000000063611900000,,,,,,
30.06000000000000000000,0.00000000089621000000,,,,,,
30.99800000000000000000,0.00000000123297000000,,,,,,
32.09100000000000000000,0.00000000126479000000,,,,,,
32.21800000000000000000,0.00000000127440000000,,,,,,
32.34400000000000000000,0.00000000127093000000,,,,,,
32.46900000000000000000,0.00000000127056000000,,,,,,
32.59500000000000000000,0.00000000127004000000,,,,,,
32.71900000000000000000,0.00000000126951000000,,,,,,
32.84300000000000000000,0.00000000126895000000,,,,,,
32.96700000000000000000,0.00000000126821000000,,,,,,
33.09300000000000000000,0.00000000126768000000,,,,,,
33.21700000000000000000,0.00000000126707000000,,,,,,
33.34400000000000000000,0.00000000126674000000,,,,,,
33.46900000000000000000,0.00000000126636000000,,,,,,
33.59400000000000000000,0.00000000126555000000,,,,,,
33.71900000000000000000,0.00000000126545000000,,,,,,
33.84400000000000000000,0.00000000126516000000,,,,,,
33.96900000000000000000,0.00000000126444000000,,,,,,
34.09400000000000000000,0.00000000126437000000,,,,,,
34.21800000000000000000,0.00000000126401000000,,,,,,
34.34400000000000000000,0.00000000126323000000,,,,,,
34.46900000000000000000,0.00000000126308000000,,,,,,
34.59400000000000000000,0.00000000126249000000,,,,,,
34.72000000000000000000,0.00000000126225000000,,,,,,
34.84600000000000000000,0.00000000126170000000,,,,,,
34.97600000000000000000,0.00000000126175000000,,,,,,
35.10500000000000000000,0.00000000126126000000,,,,,,
35.23100000000000000000,0.00000000126086000000,,,,,,
35.35700000000000000000,0.00000000126058000000,,,,,,
35.48100000000000000000,0.00000000126062000000,,,,,,
35.61000000000000000000,0.00000000126015000000,,,,,,
35.73600000000000000000,0.00000000125977000000,,,,,,
35.86200000000000000000,0.00000000125924000000,,,,,,
35.98900000000000000000,0.00000000125894000000,,,,,,
36.11300000000000000000,0.00000000125889000000,,,,,,
36.23800000000000000000,0.00000000125848000000,,,,,,
36.36300000000000000000,0.00000000125825000000,,,,,,
36.49100000000000000000,0.00000000125769000000,,,,,,
36.61600000000000000000,0.00000000125772000000,,,,,,
36.74100000000000000000,0.00000000125718000000,,,,,,
36.86700000000000000000,0.00000000125686000000,,,,,,
36.99400000000000000000,0.00000000125675000000,,,,,,
37.11900000000000000000,0.00000000125642000000,,,,,,
37.24400000000000000000,0.00000000125639000000,,,,,,
37.37000000000000000000,0.00000000125585000000,,,,,,
37.49600000000000000000,0.00000000125599000000,,,,,,
37.62600000000000000000,0.00000000125544000000,,,,,,
37.75000000000000000000,0.00000000125532000000,,,,,,
37.87200000000000000000,0.00000000125518000000,,,,,,
37.99700000000000000000,0.00000000125454000000,,,,,,
38.12200000000000000000,0.00000000125455000000,,,,,,
38.24700000000000000000,0.00000000125460000000,,,,,,
38.37100000000000000000,0.00000000125456000000,,,,,,
38.49700000000000000000,0.00000000125375000000,,,,,,
38.62400000000000000000,0.00000000125365000000,,,,,,
38.74900000000000000000,0.00000000125372000000,,,,,,
38.87400000000000000000,0.00000000125310000000,,,,,,
38.99700000000000000000,0.00000000125309000000,,,,,,
39.12300000000000000000,0.00000000125307000000,,,,,,
39.24700000000000000000,0.00000000125327000000,,,,,,
39.37100000000000000000,0.00000000125262000000,,,,,,
39.49700000000000000000,0.00000000125224000000,,,,,,
39.62200000000000000000,0.00000000125228000000,,,,,,
39.74700000000000000000,0.00000000125208000000,,,,,,
39.87200000000000000000,0.00000000125155000000,,,,,,
39.99800000000000000000,0.00000000125154000000,,,,,,
40.12300000000000000000,0.00000000125133000000,,,,,,
40.25000000000000000000,0.00000000125103000000,,,,,,
40.37600000000000000000,0.00000000125102000000,,,,,,
40.50600000000000000000,0.00000000125084000000,,,,,,
40.63200000000000000000,0.00000000125099000000,,,,,,
40.75700000000000000000,0.00000000125049000000,,,,,,
40.88300000000000000000,0.00000000125026000000,,,,,,
41.00900000000000000000,0.00000000124992000000,,,,,,
41.13400000000000000000,0.00000000124991000000,,,,,,
41.26000000000000000000,0.00000000124971000000,,,,,,
41.38900000000000000000,0.00000000124963000000,,,,,,
41.55700000000000000000,0.00000000124914000000,,,,,,
41.68900000000000000000,0.00000000124898000000,,,,,,
41.81600000000000000000,0.00000000124882000000,,,,,,
41.94300000000000000000,0.00000000124892000000,,,,,,
42.06800000000000000000,0.00000000124853000000,,,,,,
42.19500000000000000000,0.00000000124793000000,,,,,,
42.32000000000000000000,0.00000000124764000000,,,,,,
42.44600000000000000000,0.00000000124761000000,,,,,,
42.57200000000000000000,0.00000000124779000000,,,,,,
42.69800000000000000000,0.00000000124710000000,,,,,,
42.82500000000000000000,0.00000000124713000000,,,,,,
42.95200000000000000000,0.00000000124703000000,,,,,,
43.07800000000000000000,0.00000000124697000000,,,,,,
43.20700000000000000000,0.00000000124653000000,,,,,,
43.33300000000000000000,0.00000000124645000000,,,,,,
43.45800000000000000000,0.00000000124632000000,,,,,,
43.58300000000000000000,0.00000000124623000000,,,,,,
43.71300000000000000000,0.00000000124608000000,,,,,,
43.83900000000000000000,0.00000000124599000000,,,,,,
43.96500000000000000000,0.00000000124561000000,,,,,,
44.09500000000000000000,0.00000000124573000000,,,,,,
44.22200000000000000000,0.00000000122267000000,,,,,,
44.34800000000000000000,0.00000000118895000000,,,,,,
44.47300000000000000000,0.00000000115370000000,,,,,,
44.59800000000000000000,0.00000000111856000000,,,,,,
44.72500000000000000000,0.00000000108351000000,,,,,,
44.85100000000000000000,0.00000000104208000000,,,,,,
44.97700000000000000000,0.00000000100694000000,,,,,,
45.10400000000000000000,0.00000000061985600000,,,,,,
46.65200000000000000000,0.00000000041743100000,,,,,,
47.59200000000000000000,0.00000000041399200000,,,,,,
48.52800000000000000000,0.00000000041532800000,,,,,,
49.46400000000000000000,0.00000000041465300000,,,,,,
50.40000000000000000000,0.00000000041308300000,,,,,,
51.34100000000000000000,0.00000000041115900000,,,,,,
52.27800000000000000000,0.00000000040301900000,,,,,,
53.21400000000000000000,0.00000000040151200000,,,,,,
54.15000000000000000000,0.00000000039970500000,,,,,,
55.09000000000000000000,0.00000000039813200000,,,,,,
56.02800000000000000000,0.00000000039596300000,,,,,,
56.97000000000000000000,0.00000000039411300000,,,,,,
57.95000000000000000000,0.00000000039217500000,,,,,,
58.88900000000000000000,0.00000000051175800000,,,,,,
59.82800000000000000000,0.00000000077376800000,,,,,,
60.76500000000000000000,0.00000000108941000000,,,,,,
61.85600000000000000000,0.00000000114277000000,,,,,,
61.98300000000000000000,0.00000000117483000000,,,,,,
62.10900000000000000000,0.00000000120727000000,,,,,,
62.23500000000000000000,0.00000000121173000000,,,,,,
62.36100000000000000000,0.00000000121137000000,,,,,,
62.49200000000000000000,0.00000000121099000000,,,,,,
62.61600000000000000000,0.00000000121061000000,,,,,,
62.74200000000000000000,0.00000000120996000000,,,,,,
62.86800000000000000000,0.00000000120941000000,,,,,,
62.99400000000000000000,0.00000000120909000000,,,,,,
63.12000000000000000000,0.00000000120829000000,,,,,,
63.24700000000000000000,0.00000000120762000000,,,,,,
63.37400000000000000000,0.00000000120713000000,,,,,,
63.50000000000000000000,0.00000000120672000000,,,,,,
63.62700000000000000000,0.00000000120663000000,,,,,,
63.75400000000000000000,0.00000000120616000000,,,,,,
63.87900000000000000000,0.00000000120591000000,,,,,,
64.00900000000000000000,0.00000000120529000000,,,,,,
64.13500000000000000000,0.00000000120489000000,,,,,,
64.26100000000000000000,0.00000000120435000000,,,,,,
64.39200000000000000000,0.00000000120404000000,,,,,,
64.51800000000000000000,0.00000000120333000000,,,,,,
64.64500000000000000000,0.00000000120342000000,,,,,,
64.77200000000000000000,0.00000000120308000000,,,,,,
64.89800000000000000000,0.00000000120249000000,,,,,,
65.02500000000000000000,0.00000000120059000000,,,,,,
65.15000000000000000000,0.00000000120117000000,,,,,,
65.27700000000000000000,0.00000000120148000000,,,,,,
65.40800000000000000000,0.00000000120011000000,,,,,,
65.53400000000000000000,0.00000000119976000000,,,,,,
65.66600000000000000000,0.00000000119957000000,,,,,,
65.79400000000000000000,0.00000000119892000000,,,,,,
65.92000000000000000000,0.00000000119894000000,,,,,,
66.04500000000000000000,0.00000000119857000000,,,,,,
66.17100000000000000000,0.00000000119821000000,,,,,,
66.29700000000000000000,0.00000000119784000000,,,,,,
66.42500000000000000000,0.00000000119769000000,,,,,,
66.55400000000000000000,0.00000000119751000000,,,,,,
66.68000000000000000000,0.00000000119724000000,,,,,,
66.81000000000000000000,0.00000000119689000000,,,,,,
66.93700000000000000000,0.00000000119647000000,,,,,,
67.06400000000000000000,0.00000000119633000000,,,,,,
67.18900000000000000000,0.00000000119618000000,,,,,,
67.31700000000000000000,0.00000000119585000000,,,,,,
67.44200000000000000000,0.00000000119607000000,,,,,,
67.56800000000000000000,0.00000000119557000000,,,,,,
67.69400000000000000000,0.00000000119518000000,,,,,,
67.82000000000000000000,0.00000000119475000000,,,,,,
67.94800000000000000000,0.00000000119463000000,,,,,,
68.08000000000000000000,0.00000000119410000000,,,,,,
68.20800000000000000000,0.00000000119417000000,,,,,,
68.33500000000000000000,0.00000000119381000000,,,,,,
68.46100000000000000000,0.00000000119340000000,,,,,,
68.59100000000000000000,0.00000000119317000000,,,,,,
68.71700000000000000000,0.00000000119319000000,,,,,,
68.84500000000000000000,0.00000000119274000000,,,,,,
68.97100000000000000000,0.00000000119255000000,,,,,,
69.09800000000000000000,0.00000000119267000000,,,,,,
69.22400000000000000000,0.00000000119198000000,,,,,,
69.35100000000000000000,0.00000000119176000000,,,,,,
69.47700000000000000000,0.00000000119161000000,,,,,,
69.60500000000000000000,0.00000000119158000000,,,,,,
69.73300000000000000000,0.00000000119121000000,,,,,,
69.86000000000000000000,0.00000000119108000000,,,,,,
69.99100000000000000000,0.00000000119081000000,,,,,,
70.11600000000000000000,0.00000000119063000000,,,,,,
70.24400000000000000000,0.00000000119045000000,,,,,,
70.37000000000000000000,0.00000000119048000000,,,,,,
70.49600000000000000000,0.00000000119005000000,,,,,,
70.62400000000000000000,0.00000000118976000000,,,,,,
70.75000000000000000000,0.00000000118976000000,,,,,,
70.87700000000000000000,0.00000000118950000000,,,,,,
71.01300000000000000000,0.00000000118945000000,,,,,,
71.13900000000000000000,0.00000000118929000000,,,,,,
71.26600000000000000000,0.00000000118878000000,,,,,,
71.39500000000000000000,0.00000000118856000000,,,,,,
71.52100000000000000000,0.00000000118870000000,,,,,,
71.64700000000000000000,0.00000000118821000000,,,,,,
71.77300000000000000000,0.00000000118757000000,,,,,,
71.89900000000000000000,0.00000000118779000000,,,,,,
72.02400000000000000000,0.00000000118781000000,,,,,,
72.14900000000000000000,0.00000000118746000000,,,,,,
72.27500000000000000000,0.00000000118725000000,,,,,,
72.40100000000000000000,0.00000000118712000000,,,,,,
72.52700000000000000000,0.00000000118702000000,,,,,,
72.65400000000000000000,0.00000000118619000000,,,,,,
72.78000000000000000000,0.00000000118638000000,,,,,,
72.91100000000000000000,0.00000000118626000000,,,,,,
73.03500000000000000000,0.00000000118601000000,,,,,,
73.20100000000000000000,0.00000000118556000000,,,,,,
73.32500000000000000000,0.00000000118594000000,,,,,,
73.45100000000000000000,0.00000000118560000000,,,,,,
73.57700000000000000000,0.00000000118551000000,,,,,,
73.70700000000000000000,0.00000000118511000000,,,,,,
73.83400000000000000000,0.00000000118510000000,,,,,,
73.96000000000000000000,0.00000000118474000000,,,,,,
74.09100000000000000000,0.00000000118484000000,,,,,,
74.21700000000000000000,0.00000000116102000000,,,,,,
74.34600000000000000000,0.00000000112809000000,,,,,,
74.47300000000000000000,0.00000000109133000000,,,,,,
74.59900000000000000000,0.00000000105206000000,,,,,,
74.72600000000000000000,0.00000000101839000000,,,,,,
74.85300000000000000000,0.00000000062477400000,,,,,,
76.40100000000000000000,0.00000000037190100000,,,,,,
77.33900000000000000000,0.00000000035065700000,,,,,,
78.28100000000000000000,0.00000000035187400000,,,,,,
79.22100000000000000000,0.00000000035146000000,,,,,,
80.15700000000000000000,0.00000000035033800000,,,,,,
81.10100000000000000000,0.00000000034889600000,,,,,,
82.03800000000000000000,0.00000000034731200000,,,,,,
82.97400000000000000000,0.00000000034552000000,,,,,,
83.92200000000000000000,0.00000000034352200000,,,,,,
84.85800000000000000000,0.00000000034141400000,,,,,,
85.79500000000000000000,0.00000000033934800000,,,,,,
86.73100000000000000000,0.00000000033236900000,,,,,,
87.67000000000000000000,0.00000000033035800000,,,,,,
88.60600000000000000000,0.00000000037688100000,,,,,,
89.58100000000000000000,0.00000000064359800000,,,,,,
90.52100000000000000000,0.00000000089951400000,,,,,,
91.46100000000000000000,0.00000000115233000000,,,,,,
92.55200000000000000000,0.00000000115205000000,,,,,,
92.67800000000000000000,0.00000000115122000000,,,,,,
92.80400000000000000000,0.00000000115072000000,,,,,,
92.93100000000000000000,0.00000000114989000000,,,,,,
93.05700000000000000000,0.00000000115000000000,,,,,,
93.18800000000000000000,0.00000000114912000000,,,,,,
93.31500000000000000000,0.00000000114899000000,,,,,,
93.44100000000000000000,0.00000000114830000000,,,,,,
93.56700000000000000000,0.00000000114762000000,,,,,,
93.69200000000000000000,0.00000000114742000000,,,,,,
93.81800000000000000000,0.00000000114684000000,,,,,,
93.94400000000000000000,0.00000000114673000000,,,,,,
94.07300000000000000000,0.00000000114620000000,,,,,,
94.19900000000000000000,0.00000000114633000000,,,,,,
94.32800000000000000000,0.00000000114598000000,,,,,,
94.45500000000000000000,0.00000000114484000000,,,,,,
94.58000000000000000000,0.00000000114532000000,,,,,,
94.71000000000000000000,0.00000000114414000000,,,,,,
94.83700000000000000000,0.00000000114407000000,,,,,,
94.96400000000000000000,0.00000000114352000000,,,,,,
95.09100000000000000000,0.00000000114322000000,,,,,,
95.21800000000000000000,0.00000000114308000000,,,,,,
95.34600000000000000000,0.00000000114273000000,,,,,,
95.47200000000000000000,0.00000000114248000000,,,,,,
95.59900000000000000000,0.00000000114215000000,,,,,,
95.72600000000000000000,0.00000000114181000000,,,,,,
95.85100000000000000000,0.00000000114156000000,,,,,,
95.97700000000000000000,0.00000000114120000000,,,,,,
96.10900000000000000000,0.00000000114138000000,,,,,,
96.23600000000000000000,0.00000000114066000000,,,,,,
96.36200000000000000000,0.00000000114070000000,,,,,,
96.49200000000000000000,0.00000000114073000000,,,,,,
96.61800000000000000000,0.00000000114016000000,,,,,,
96.74600000000000000000,0.00000000113977000000,,,,,,
96.87500000000000000000,0.00000000113979000000,,,,,,
96.99900000000000000000,0.00000000113936000000,,,,,,
97.12600000000000000000,0.00000000113953000000,,,,,,
97.25300000000000000000,0.00000000113891000000,,,,,,
97.37900000000000000000,0.00000000113839000000,,,,,,
97.51000000000000000000,0.00000000113838000000,,,,,,
97.63900000000000000000,0.00000000113830000000,,,,,,
97.76500000000000000000,0.00000000113854000000,,,,,,
97.89500000000000000000,0.00000000113845000000,,,,,,
98.02200000000000000000,0.00000000113822000000,,,,,,
98.14800000000000000000,0.00000000113785000000,,,,,,
98.27400000000000000000,0.00000000113767000000,,,,,,
98.40100000000000000000,0.00000000113746000000,,,,,,
98.52600000000000000000,0.00000000113678000000,,,,,,
98.65400000000000000000,0.00000000113687000000,,,,,,
98.78100000000000000000,0.00000000113684000000,,,,,,
98.90900000000000000000,0.00000000113634000000,,,,,,
99.03600000000000000000,0.00000000113634000000,,,,,,
99.16200000000000000000,0.00000000113569000000,,,,,,
99.29100000000000000000,0.00000000113583000000,,,,,,
99.41700000000000000000,0.00000000113553000000,,,,,,
99.54700000000000000000,0.00000000113526000000,,,,,,
99.67200000000000000000,0.00000000113527000000,,,,,,
99.79800000000000000000,0.00000000113512000000,,,,,,
99.92500000000000000000,0.00000000113501000000,,,,,,
100.05100000000000000000,0.00000000113471000000,,,,,,
100.17900000000000000000,0.00000000113459000000,,,,,,
100.30400000000000000000,0.00000000113422000000,,,,,,
100.43000000000000000000,0.00000000113437000000,,,,,,
100.55700000000000000000,0.00000000113403000000,,,,,,
100.68800000000000000000,0.00000000113386000000,,,,,,
100.81500000000000000000,0.00000000113359000000,,,,,,
100.94100000000000000000,0.00000000113361000000,,,,,,
101.06700000000000000000,0.00000000113377000000,,,,,,
101.19200000000000000000,0.00000000113360000000,,,,,,
101.31700000000000000000,0.00000000113315000000,,,,,,
101.44500000000000000000,0.00000000113296000000,,,,,,
101.57100000000000000000,0.00000000113268000000,,,,,,
101.69700000000000000000,0.00000000113271000000,,,,,,
101.82400000000000000000,0.00000000113262000000,,,,,,
101.95100000000000000000,0.00000000113243000000,,,,,,
102.08000000000000000000,0.00000000113237000000,,,,,,
102.20500000000000000000,0.00000000113248000000,,,,,,
102.33100000000000000000,0.00000000113222000000,,,,,,
102.45700000000000000000,0.00000000113169000000,,,,,,
102.58700000000000000000,0.00000000113059000000,,,,,,
102.71300000000000000000,0.00000000113088000000,,,,,,
102.83900000000000000000,0.00000000113022000000,,,,,,
102.96600000000000000000,0.00000000113009000000,,,,,,
103.09900000000000000000,0.00000000113022000000,,,,,,
103.22500000000000000000,0.00000000112988000000,,,,,,
103.35100000000000000000,0.00000000112998000000,,,,,,
103.47700000000000000000,0.00000000112964000000,,,,,,
103.60800000000000000000,0.00000000112947000000,,,,,,
103.73500000000000000000,0.00000000112950000000,,,,,,
103.86100000000000000000,0.00000000112932000000,,,,,,
103.98900000000000000000,0.00000000112937000000,,,,,,
104.11500000000000000000,0.00000000112915000000,,,,,,
104.24100000000000000000,0.00000000109993000000,,,,,,
104.36700000000000000000,0.00000000106418000000,,,,,,
104.49200000000000000000,0.00000000102856000000,,,,,,
104.61900000000000000000,0.00000000062557400000,,,,,,
106.20700000000000000000,0.00000000036675500000,,,,,,
107.14500000000000000000,0.00000000029866400000,,,,,,
108.08800000000000000000,0.00000000029467200000,,,,,,
109.02400000000000000000,0.00000000029489900000,,,,,,
109.96200000000000000000,0.00000000029398900000,,,,,,
110.90100000000000000000,0.00000000029315200000,,,,,,
111.83900000000000000000,0.00000000029177700000,,,,,,
112.77500000000000000000,0.00000000029043100000,,,,,,
113.71200000000000000000,0.00000000028910900000,,,,,,
114.65200000000000000000,0.00000000028760400000,,,,,,
115.59400000000000000000,0.00000000028645700000,,,,,,
116.53000000000000000000,0.00000000028560300000,,,,,,
117.46800000000000000000,0.00000000028411800000,,,,,,
118.41000000000000000000,0.00000000029099700000,,,,,,
119.34700000000000000000,0.00000000053069500000,,,,,,
120.28700000000000000000,0.00000000078790000000,,,,,,
121.26500000000000000000,0.00000000110659000000,,,,,,
122.35700000000000000000,0.00000000110497000000,,,,,,
122.49000000000000000000,0.00000000110462000000,,,,,,
122.61700000000000000000,0.00000000110231000000,,,,,,
122.74500000000000000000,0.00000000110316000000,,,,,,
122.87400000000000000000,0.00000000110291000000,,,,,,
123.00000000000000000000,0.00000000110243000000,,,,,,
123.12700000000000000000,0.00000000110142000000,,,,,,
123.25300000000000000000,0.00000000110120000000,,,,,,
123.37900000000000000000,0.00000000110071000000,,,,,,
123.51000000000000000000,0.00000000110033000000,,,,,,
123.63700000000000000000,0.00000000110000000000,,,,,,
123.76400000000000000000,0.00000000109977000000,,,,,,
123.89400000000000000000,0.00000000109930000000,,,,,,
124.02100000000000000000,0.00000000109886000000,,,,,,
124.14600000000000000000,0.00000000109881000000,,,,,,
124.27400000000000000000,0.00000000109793000000,,,,,,
124.40000000000000000000,0.00000000109757000000,,,,,,
124.52700000000000000000,0.00000000109707000000,,,,,,
124.65400000000000000000,0.00000000109692000000,,,,,,
124.78100000000000000000,0.00000000109668000000,,,,,,
124.91000000000000000000,0.00000000109612000000,,,,,,
125.04000000000000000000,0.00000000109598000000,,,,,,
125.16600000000000000000,0.00000000109612000000,,,,,,
125.29000000000000000000,0.00000000109529000000,,,,,,
125.41700000000000000000,0.00000000109538000000,,,,,,
125.54400000000000000000,0.00000000109498000000,,,,,,
125.67100000000000000000,0.00000000109430000000,,,,,,
125.79800000000000000000,0.00000000109439000000,,,,,,
125.92500000000000000000,0.00000000109424000000,,,,,,
126.05200000000000000000,0.00000000109394000000,,,,,,
126.17800000000000000000,0.00000000109372000000,,,,,,
126.30400000000000000000,0.00000000109335000000,,,,,,
126.43100000000000000000,0.00000000109313000000,,,,,,
126.55800000000000000000,0.00000000109300000000,,,,,,
126.68800000000000000000,0.00000000109245000000,,,,,,
126.81600000000000000000,0.00000000109251000000,,,,,,
126.94200000000000000000,0.00000000109171000000,,,,,,
127.06900000000000000000,0.00000000109220000000,,,,,,
127.19600000000000000000,0.00000000109203000000,,,,,,
127.32300000000000000000,0.00000000109114000000,,,,,,
127.44800000000000000000,0.00000000109088000000,,,,,,
127.57400000000000000000,0.00000000109089000000,,,,,,
127.69800000000000000000,0.00000000109082000000,,,,,,
127.82400000000000000000,0.00000000109041000000,,,,,,
127.95100000000000000000,0.00000000109011000000,,,,,,
128.07800000000000000000,0.00000000109017000000,,,,,,
128.20500000000000000000,0.00000000109026000000,,,,,,
128.33100000000000000000,0.00000000108968000000,,,,,,
128.45800000000000000000,0.00000000108956000000,,,,,,
128.58800000000000000000,0.00000000108895000000,,,,,,
128.71600000000000000000,0.00000000108850000000,,,,,,
128.84300000000000000000,0.00000000108936000000,,,,,,
128.97000000000000000000,0.00000000108897000000,,,,,,
129.10200000000000000000,0.00000000108872000000,,,,,,
129.22800000000000000000,0.00000000108866000000,,,,,,
129.35400000000000000000,0.00000000108833000000,,,,,,
129.51800000000000000000,0.00000000108817000000,,,,,,
129.64500000000000000000,0.00000000108817000000,,,,,,
129.77200000000000000000,0.00000000108764000000,,,,,,
129.89800000000000000000,0.00000000108823000000,,,,,,
130.02500000000000000000,0.00000000108827000000,,,,,,
130.15200000000000000000,0.00000000108800000000,,,,,,
130.27900000000000000000,0.00000000108816000000,,,,,,
130.40900000000000000000,0.00000000108754000000,,,,,,
130.53600000000000000000,0.00000000108813000000,,,,,,
130.66200000000000000000,0.00000000108821000000,,,,,,
130.79300000000000000000,0.00000000108745000000,,,,,,
130.92000000000000000000,0.00000000108729000000,,,,,,
131.05200000000000000000,0.00000000108651000000,,,,,,
131.17700000000000000000,0.00000000108627000000,,,,,,
131.30200000000000000000,0.00000000108555000000,,,,,,
131.42800000000000000000,0.00000000108390000000,,,,,,
131.55500000000000000000,0.00000000108387000000,,,,,,
131.68300000000000000000,0.00000000108395000000,,,,,,
131.81800000000000000000,0.00000000108299000000,,,,,,
131.94500000000000000000,0.00000000108373000000,,,,,,
132.06900000000000000000,0.00000000108345000000,,,,,,
132.19600000000000000000,0.00000000108274000000,,,,,,
132.32200000000000000000,0.00000000108352000000,,,,,,
132.44800000000000000000,0.00000000108269000000,,,,,,
132.57400000000000000000,0.00000000108293000000,,,,,,
132.70100000000000000000,0.00000000108291000000,,,,,,
132.82800000000000000000,0.00000000108211000000,,,,,,
132.95500000000000000000,0.00000000108205000000,,,,,,
133.08200000000000000000,0.00000000108218000000,,,,,,
133.20600000000000000000,0.00000000108174000000,,,,,,
133.33200000000000000000,0.00000000108172000000,,,,,,
133.45800000000000000000,0.00000000108157000000,,,,,,
133.58800000000000000000,0.00000000108176000000,,,,,,
133.71500000000000000000,0.00000000108163000000,,,,,,
133.84200000000000000000,0.00000000108160000000,,,,,,
133.97000000000000000000,0.00000000108108000000,,,,,,
134.09600000000000000000,0.00000000108165000000,,,,,,
134.22300000000000000000,0.00000000105567000000,,,,,,
134.34800000000000000000,0.00000000102529000000,,,,,,
134.47500000000000000000,0.00000000062931000000,,,,,,
136.02200000000000000000,0.00000000036870000000,,,,,,
136.96000000000000000000,0.00000000025205200000,,,,,,
137.93600000000000000000,0.00000000025226200000,,,,,,
138.87400000000000000000,0.00000000025372400000,,,,,,
139.81000000000000000000,0.00000000025143200000,,,,,,
140.74800000000000000000,0.00000000025108300000,,,,,,
141.69600000000000000000,0.00000000025028500000,,,,,,
142.63500000000000000000,0.00000000024902300000,,,,,,
143.57100000000000000000,0.00000000024806200000,,,,,,
144.50900000000000000000,0.00000000024684000000,,,,,,
145.44800000000000000000,0.00000000024553200000,,,,,,
146.39500000000000000000,0.00000000024396600000,,,,,,
147.33100000000000000000,0.00000000024257900000,,,,,,
148.27000000000000000000,0.00000000024128600000,,,,,,
149.21200000000000000000,0.00000000045320100000,,,,,,
150.15100000000000000000,0.00000000071104300000,,,,,,
151.09200000000000000000,0.00000000096834000000,,,,,,
152.03300000000000000000,0.00000000105951000000,,,,,,
153.12500000000000000000,0.00000000105898000000,,,,,,
153.29600000000000000000,0.00000000105820000000,,,,,,
153.42400000000000000000,0.00000000105831000000,,,,,,
153.55100000000000000000,0.00000000105767000000,,,,,,
153.67800000000000000000,0.00000000105705000000,,,,,,
153.80700000000000000000,0.00000000105700000000,,,,,,
153.93400000000000000000,0.00000000105657000000,,,,,,
154.06100000000000000000,0.00000000105615000000,,,,,,
154.19100000000000000000,0.00000000105571000000,,,,,,
154.31800000000000000000,0.00000000105537000000,,,,,,
154.44500000000000000000,0.00000000105530000000,,,,,,
154.57200000000000000000,0.00000000105488000000,,,,,,
154.69700000000000000000,0.00000000105421000000,,,,,,
154.82400000000000000000,0.00000000105442000000,,,,,,
154.95100000000000000000,0.00000000105401000000,,,,,,
155.07800000000000000000,0.00000000105366000000,,,,,,
155.20500000000000000000,0.00000000105378000000,,,,,,
155.33100000000000000000,0.00000000105312000000,,,,,,
155.45700000000000000000,0.00000000105309000000,,,,,,
155.58800000000000000000,0.00000000105277000000,,,,,,
155.71500000000000000000,0.00000000105255000000,,,,,,
155.84100000000000000000,0.00000000105237000000,,,,,,
155.96700000000000000000,0.00000000105146000000,,,,,,
156.09400000000000000000,0.00000000105129000000,,,,,,
156.22000000000000000000,0.00000000105160000000,,,,,,
156.34800000000000000000,0.00000000105097000000,,,,,,
156.47500000000000000000,0.00000000105059000000,,,,,,
156.60200000000000000000,0.00000000105083000000,,,,,,
156.73000000000000000000,0.00000000105039000000,,,,,,
156.85600000000000000000,0.00000000105073000000,,,,,,
156.98400000000000000000,0.00000000105067000000,,,,,,
157.11100000000000000000,0.00000000104937000000,,,,,,
157.23800000000000000000,0.00000000104956000000,,,,,,
157.36500000000000000000,0.00000000104980000000,,,,,,
157.49400000000000000000,0.00000000104872000000,,,,,,
157.62000000000000000000,0.00000000104898000000,,,,,,
157.74600000000000000000,0.00000000104926000000,,,,,,
157.87400000000000000000,0.00000000104845000000,,,,,,
157.99800000000000000000,0.00000000104900000000,,,,,,
158.12600000000000000000,0.00000000104854000000,,,,,,
158.25400000000000000000,0.00000000104734000000,,,,,,
158.38100000000000000000,0.00000000104841000000,,,,,,
158.51800000000000000000,0.00000000104779000000,,,,,,
158.64500000000000000000,0.00000000104684000000,,,,,,
158.77100000000000000000,0.00000000104759000000,,,,,,
158.89700000000000000000,0.00000000104702000000,,,,,,
159.02400000000000000000,0.00000000104697000000,,,,,,
159.15100000000000000000,0.00000000104715000000,,,,,,
159.27800000000000000000,0.00000000104662000000,,,,,,
159.40700000000000000000,0.00000000104650000000,,,,,,
159.53500000000000000000,0.00000000104642000000,,,,,,
159.66200000000000000000,0.00000000104538000000,,,,,,
159.79300000000000000000,0.00000000104621000000,,,,,,
159.92000000000000000000,0.00000000104680000000,,,,,,
160.04700000000000000000,0.00000000104499000000,,,,,,
160.17500000000000000000,0.00000000104565000000,,,,,,
160.30100000000000000000,0.00000000104605000000,,,,,,
160.42700000000000000000,0.00000000104411000000,,,,,,
160.55400000000000000000,0.00000000104536000000,,,,,,
160.68100000000000000000,0.00000000104529000000,,,,,,
160.81100000000000000000,0.00000000104388000000,,,,,,
160.93800000000000000000,0.00000000104512000000,,,,,,
161.06500000000000000000,0.00000000104466000000,,,,,,
161.19200000000000000000,0.00000000104363000000,,,,,,
161.31800000000000000000,0.00000000104430000000,,,,,,
161.44500000000000000000,0.00000000104389000000,,,,,,
161.57100000000000000000,0.00000000104303000000,,,,,,
161.69700000000000000000,0.00000000104393000000,,,,,,
161.82500000000000000000,0.00000000104343000000,,,,,,
161.95100000000000000000,0.00000000104229000000,,,,,,
162.07800000000000000000,0.00000000104337000000,,,,,,
162.20500000000000000000,0.00000000104321000000,,,,,,
162.33100000000000000000,0.00000000104186000000,,,,,,
162.45800000000000000000,0.00000000104322000000,,,,,,
162.58500000000000000000,0.00000000104216000000,,,,,,
162.71500000000000000000,0.00000000104131000000,,,,,,
162.84100000000000000000,0.00000000104247000000,,,,,,
162.96800000000000000000,0.00000000104147000000,,,,,,
163.09600000000000000000,0.00000000104068000000,,,,,,
163.22400000000000000000,0.00000000104228000000,,,,,,
163.35000000000000000000,0.00000000104118000000,,,,,,
163.47700000000000000000,0.00000000104064000000,,,,,,
163.60900000000000000000,0.00000000104170000000,,,,,,
163.73500000000000000000,0.00000000104056000000,,,,,,
163.86100000000000000000,0.00000000104023000000,,,,,,
163.99300000000000000000,0.00000000104120000000,,,,,,
164.12000000000000000000,0.00000000103976000000,,,,,,
164.24600000000000000000,0.00000000101097000000,,,,,,
164.37300000000000000000,0.00000000061521600000,,,,,,
165.91900000000000000000,0.00000000035389600000,,,,,,
166.86200000000000000000,0.00000000020967000000,,,,,,
167.79800000000000000000,0.00000000020445600000,,,,,,
168.73600000000000000000,0.00000000020617900000,,,,,,
169.71500000000000000000,0.00000000020617100000,,,,,,
170.65200000000000000000,0.00000000020549100000,,,,,,
171.59200000000000000000,0.00000000020474800000,,,,,,
172.53100000000000000000,0.00000000020384800000,,,,,,
173.46800000000000000000,0.00000000020269400000,,,,,,
174.41000000000000000000,0.00000000020175100000,,,,,,
175.34900000000000000000,0.00000000020083100000,,,,,,
176.28900000000000000000,0.00000000019957400000,,,,,,
177.23400000000000000000,0.00000000019669200000,,,,,,
178.17100000000000000000,0.00000000019529000000,,,,,,
179.10800000000000000000,0.00000000038123900000,,,,,,
180.05100000000000000000,0.00000000063923100000,,,,,,
180.99500000000000000000,0.00000000089611800000,,,,,,
181.93200000000000000000,0.00000000101542000000,,,,,,
183.02300000000000000000,0.00000000101503000000,,,,,,
183.14900000000000000000,0.00000000101486000000,,,,,,
183.27500000000000000000,0.00000000101440000000,,,,,,
183.39900000000000000000,0.00000000101407000000,,,,,,
183.52600000000000000000,0.00000000101369000000,,,,,,
183.65300000000000000000,0.00000000101301000000,,,,,,
183.77900000000000000000,0.00000000101277000000,,,,,,
183.91000000000000000000,0.00000000101266000000,,,,,,
184.04100000000000000000,0.00000000101153000000,,,,,,
184.16700000000000000000,0.00000000101151000000,,,,,,
184.29500000000000000000,0.00000000101134000000,,,,,,
184.42200000000000000000,0.00000000101080000000,,,,,,
184.55000000000000000000,0.00000000101061000000,,,,,,
184.67600000000000000000,0.00000000101012000000,,,,,,
184.80300000000000000000,0.00000000101006000000,,,,,,
184.97000000000000000000,0.00000000100979000000,,,,,,
185.09800000000000000000,0.00000000100902000000,,,,,,
185.22600000000000000000,0.00000000100907000000,,,,,,
185.35300000000000000000,0.00000000100893000000,,,,,,
185.47800000000000000000,0.00000000100830000000,,,,,,
185.60800000000000000000,0.00000000100834000000,,,,,,
185.73500000000000000000,0.00000000100851000000,,,,,,
185.86200000000000000000,0.00000000100745000000,,,,,,
185.99000000000000000000,0.00000000100786000000,,,,,,
186.11800000000000000000,0.00000000100723000000,,,,,,
186.24800000000000000000,0.00000000100665000000,,,,,,
186.37500000000000000000,0.00000000100686000000,,,,,,
186.50200000000000000000,0.00000000100663000000,,,,,,
186.62800000000000000000,0.00000000100584000000,,,,,,
186.75500000000000000000,0.00000000100649000000,,,,,,
186.89200000000000000000,0.00000000100617000000,,,,,,
187.01800000000000000000,0.00000000100532000000,,,,,,
187.14500000000000000000,0.00000000100561000000,,,,,,
187.27200000000000000000,0.00000000100495000000,,,,,,
187.39800000000000000000,0.00000000100446000000,,,,,,
187.52500000000000000000,0.00000000100511000000,,,,,,
187.65100000000000000000,0.00000000100436000000,,,,,,
187.77600000000000000000,0.00000000100397000000,,,,,,
187.90600000000000000000,0.00000000100478000000,,,,,,
188.04000000000000000000,0.00000000100353000000,,,,,,
188.16700000000000000000,0.00000000100350000000,,,,,,
188.29400000000000000000,0.00000000100414000000,,,,,,
188.42100000000000000000,0.00000000100341000000,,,,,,
188.54800000000000000000,0.00000000100318000000,,,,,,
188.67500000000000000000,0.00000000100365000000,,,,,,
188.80100000000000000000,0.00000000100280000000,,,,,,
188.92600000000000000000,0.00000000100297000000,,,,,,
189.06000000000000000000,0.00000000100343000000,,,,,,
189.19100000000000000000,0.00000000100176000000,,,,,,
189.31800000000000000000,0.00000000100185000000,,,,,,
189.44500000000000000000,0.00000000100243000000,,,,,,
189.57100000000000000000,0.00000000100137000000,,,,,,
189.69800000000000000000,0.00000000100156000000,,,,,,
189.82800000000000000000,0.00000000100226000000,,,,,,
189.95500000000000000000,0.00000000100063000000,,,,,,
190.08100000000000000000,0.00000000100084000000,,,,,,
190.20700000000000000000,0.00000000100100000000,,,,,,
190.33500000000000000000,0.00000000100016000000,,,,,,
190.46100000000000000000,0.00000000100032000000,,,,,,
190.59400000000000000000,0.00000000100091000000,,,,,,
190.72100000000000000000,0.00000000099742600000,,,,,,
192.42200000000000000000,0.00000000099827300000,,,,,,
193.96800000000000000000,0.00000000085892200000,,,,,,
194.91100000000000000000,0.00000000059854300000,,,,,,
195.84900000000000000000,0.00000000034221300000,,,,,,
196.78900000000000000000,0.00000000017324300000,,,,,,
197.72800000000000000000,0.00000000017110800000,,,,,,
198.66500000000000000000,0.00000000016759500000,,,,,,
199.60900000000000000000,0.00000000016743100000,,,,,,
200.55100000000000000000,0.00000000016705100000,,,,,,
201.53100000000000000000,0.00000000016637000000,,,,,,
202.46800000000000000000,0.00000000016559000000,,,,,,
203.40500000000000000000,0.00000000016470700000,,,,,,
204.34200000000000000000,0.00000000016336600000,,,,,,
205.27800000000000000000,0.00000000016218900000,,,,,,
206.22100000000000000000,0.00000000016082300000,,,,,,
207.15600000000000000000,0.00000000015342300000,,,,,,
208.09500000000000000000,0.00000000015236900000,,,,,,
209.03200000000000000000,0.00000000031550100000,,,,,,
209.97000000000000000000,0.00000000057403500000,,,,,,
210.90800000000000000000,0.00000000083209200000,,,,,,
211.85100000000000000000,0.00000000097510600000,,,,,,
212.79300000000000000000,0.00000000097317400000,,,,,,
213.73100000000000000000,0.00000000097057900000,,,,,,
214.66900000000000000000,0.00000000096860200000,,,,,,
215.60600000000000000000,0.00000000096675200000,,,,,,
216.54600000000000000000,0.00000000096527300000,,,,,,
217.52500000000000000000,0.00000000096404000000,,,,,,
218.46100000000000000000,0.00000000096255900000,,,,,,
219.40200000000000000000,0.00000000096150600000,,,,,,
220.33800000000000000000,0.00000000096069300000,,,,,,
221.27500000000000000000,0.00000000095917000000,,,,,,
222.21200000000000000000,0.00000000095870700000,,,,,,
223.15000000000000000000,0.00000000095733600000,,,,,,
224.09100000000000000000,0.00000000078092500000,,,,,,
225.02800000000000000000,0.00000000051935800000,,,,,,
225.97200000000000000000,0.00000000026000200000,,,,,,
226.90900000000000000000,0.00000000012837200000,,,,,,
227.84600000000000000000,0.00000000012780100000,,,,,,
228.79400000000000000000,0.00000000012970600000,,,,,,
229.73200000000000000000,0.00000000012955000000,,,,,,
230.66900000000000000000,0.00000000012919900000,,,,,,
231.61100000000000000000,0.00000000012894300000,,,,,,
232.54900000000000000000,0.00000000012835500000,,,,,,
233.52600000000000000000,0.00000000012782200000,,,,,,
234.47000000000000000000,0.00000000012703900000,,,,,,
235.41300000000000000000,0.00000000012623500000,,,,,,
236.35100000000000000000,0.00000000012545000000,,,,,,
237.29300000000000000000,0.00000000012450300000,,,,,,
238.23000000000000000000,0.00000000012345500000,,,,,,
239.16800000000000000000,0.00000000032292500000,,,,,,
240.11100000000000000000,0.00000000058404500000,,,,,,
241.05900000000000000000,0.00000000083748700000,,,,,,
241.99600000000000000000,0.00000000094251400000,,,,,,
242.93500000000000000000,0.00000000094060200000,,,,,,
243.87200000000000000000,0.00000000093815800000,,,,,,
244.82000000000000000000,0.00000000093623400000,,,,,,
245.75800000000000000000,0.00000000093439600000,,,,,,
246.70000000000000000000,0.00000000093294300000,,,,,,
247.64200000000000000000,0.00000000093130800000,,,,,,
248.57900000000000000000,0.00000000093016500000,,,,,,
249.56000000000000000000,0.00000000092877300000,,,,,,
250.49800000000000000000,0.00000000092722800000,,,,,,
251.43700000000000000000,0.00000000092608400000,,,,,,
252.37500000000000000000,0.00000000092500300000,,,,,,
253.31200000000000000000,0.00000000092376000000,,,,,,
254.26100000000000000000,0.00000000069754500000,,,,,,
255.19800000000000000000,0.00000000043803100000,,,,,,
256.13500000000000000000,0.00000000017544600000,,,,,,
257.07100000000000000000,0.00000000009157050000,,,,,,
259.74500000000000000000,0.00000000009156230000,,,,,,
260.98100000000000000000,0.00000000009112120000,,,,,,
262.22100000000000000000,0.00000000009042620000,,,,,,
263.45700000000000000000,0.00000000008964560000,,,,,,
264.70100000000000000000,0.00000000008685210000,,,,,,
265.97800000000000000000,0.00000000008542440000,,,,,,
267.22500000000000000000,0.00000000008401710000,,,,,,
268.47000000000000000000,0.00000000056440000000,,,,,,
271.12800000000000000000,0.00000000081888700000,,,,,,
272.06600000000000000000,0.00000000090361700000,,,,,,
273.00400000000000000000,0.00000000090115200000,,,,,,
273.94200000000000000000,0.00000000089869900000,,,,,,
274.87900000000000000000,0.00000000089685300000,,,,,,
275.82200000000000000000,0.00000000089511200000,,,,,,
276.75800000000000000000,0.00000000089374600000,,,,,,
277.69600000000000000000,0.00000000089222600000,,,,,,
278.63500000000000000000,0.00000000089114900000,,,,,,
279.57200000000000000000,0.00000000088961300000,,,,,,
280.51100000000000000000,0.00000000088826300000,,,,,,
281.45000000000000000000,0.00000000088749800000,,,,,,
282.43300000000000000000,0.00000000088632500000,,,,,,
283.36900000000000000000,0.00000000088503400000,,,,,,
284.30700000000000000000,0.00000000065229400000,,,,,,
285.24500000000000000000,0.00000000039384000000,,,,,,
286.18200000000000000000,0.00000000013433300000,,,,,,
287.12600000000000000000,0.00000000006308160000,,,,,,
289.78900000000000000000,0.00000000006323180000,,,,,,
291.02800000000000000000,0.00000000006324400000,,,,,,
292.26900000000000000000,0.00000000006279560000,,,,,,
293.50800000000000000000,0.00000000006168870000,,,,,,
294.74700000000000000000,0.00000000005324930000,,,,,,
295.99400000000000000000,0.00000000005262790000,,,,,,
297.23200000000000000000,0.00000000005214020000,,,,,,
298.47100000000000000000,0.00000000054286900000,,,,,,
301.16900000000000000000,0.00000000079873500000,,,,,,
302.11200000000000000000,0.00000000087051000000,,,,,,
303.04900000000000000000,0.00000000086797100000,,,,,,
303.99700000000000000000,0.00000000086600500000,,,,,,
304.94300000000000000000,0.00000000086424300000,,,,,,
305.88000000000000000000,0.00000000086262900000,,,,,,
306.82100000000000000000,0.00000000086124600000,,,,,,
307.75900000000000000000,0.00000000085989300000,,,,,,
308.69600000000000000000,0.00000000085864200000,,,,,,
309.63200000000000000000,0.00000000085777700000,,,,,,
310.57000000000000000000,0.00000000085669400000,,,,,,
311.50900000000000000000,0.00000000085571200000,,,,,,
312.44600000000000000000,0.00000000085524400000,,,,,,
313.38800000000000000000,0.00000000085182500000,,,,,,
314.33300000000000000000,0.00000000061040000000,,,,,,
315.27100000000000000000,0.00000000035022600000,,,,,,
316.24800000000000000000,0.00000000002575960000,,,,,,
318.91200000000000000000,0.00000000002753300000,,,,,,
320.15000000000000000000,0.00000000002714990000,,,,,,
321.39600000000000000000,0.00000000002674630000,,,,,,
322.63600000000000000000,0.00000000002604940000,,,,,,
323.87400000000000000000,0.00000000002536530000,,,,,,
325.11400000000000000000,0.00000000002442130000,,,,,,
326.35200000000000000000,0.00000000002351610000,,,,,,
327.59500000000000000000,0.00000000002257620000,,,,,,
328.83400000000000000000,0.00000000060117400000,,,,,,
331.49600000000000000000,0.00000000083281000000,,,,,,
332.47600000000000000000,0.00000000084036300000,,,,,,
333.41900000000000000000,0.00000000083831300000,,,,,,
334.35700000000000000000,0.00000000083636000000,,,,,,
335.29600000000000000000,0.00000000083492700000,,,,,,
336.23500000000000000000,0.00000000083367600000,,,,,,
337.17000000000000000000,0.00000000083264500000,,,,,,
338.11100000000000000000,0.00000000083187700000,,,,,,
339.05200000000000000000,0.00000000083091700000,,,,,,
339.99600000000000000000,0.00000000083007900000,,,,,,
340.93500000000000000000,0.00000000082955200000,,,,,,
341.87300000000000000000,0.00000000082902400000,,,,,,
342.81000000000000000000,0.00000000082821400000,,,,,,
343.75000000000000000000,0.00000000074719000000,,,,,,
344.69000000000000000000,0.00000000049032900000,,,,,,
345.63100000000000000000,0.00000000022900100000,,,,,,
346.56900000000000000000,0.00000000000258954000,,,,,,
349.23500000000000000000,0.00000000000365165000,,,,,,
350.51300000000000000000,0.00000000000402143000,,,,,,
351.75400000000000000000,0.00000000000448496000,,,,,,
352.99600000000000000000,0.00000000000453883000,,,,,,
354.24100000000000000000,0.00000000000444384000,,,,,,
355.47900000000000000000,0.00000000000146260000,,,,,,
356.72500000000000000000,0.00000000000065194400,,,,,,
357.97300000000000000000,-0.00000000000021332500,,,,,,
359.22200000000000000000,0.00000000067960700000,,,,,,
361.88000000000000000000,0.00000000081694900000,,,,,,
362.82100000000000000000,0.00000000081496100000,,,,,,
363.75900000000000000000,0.00000000081248700000,,,,,,
364.70200000000000000000,0.00000000081063200000,,,,,,
365.64100000000000000000,0.00000000080925000000,,,,,,
366.62000000000000000000,0.00000000080758500000,,,,,,
367.55900000000000000000,0.00000000080633000000,,,,,,
368.49700000000000000000,0.00000000080518900000,,,,,,
369.43600000000000000000,0.00000000080412900000,,,,,,
370.37500000000000000000,0.00000000080311200000,,,,,,
371.31400000000000000000,0.00000000080201700000,,,,,,
372.25200000000000000000,0.00000000080190700000,,,,,,
373.19500000000000000000,0.00000000080139600000,,,,,,
374.13500000000000000000,0.00000000061517800000,,,,,,
375.07200000000000000000,0.00000000035325000000,,,,,,
376.01200000000000000000,-0.00000000002590610000,,,,,,
378.67200000000000000000,-0.00000000002304280000,,,,,,
379.91200000000000000000,-0.00000000002283770000,,,,,,
381.15100000000000000000,-0.00000000002269790000,,,,,,
382.39300000000000000000,-0.00000000002319920000,,,,,,
383.67200000000000000000,-0.00000000002408220000,,,,,,
384.91100000000000000000,-0.00000000002514670000,,,,,,
386.15200000000000000000,-0.00000000002600760000,,,,,,
387.39700000000000000000,-0.00000000002660630000,,,,,,
388.64200000000000000000,0.00000000050125600000,,,,,,
391.31200000000000000000,0.00000000075438600000,,,,,,
392.25000000000000000000,0.00000000078947200000,,,,,,
393.19800000000000000000,0.00000000078703600000,,,,,,
394.13600000000000000000,0.00000000078503900000,,,,,,
395.07500000000000000000,0.00000000078339300000,,,,,,
396.01400000000000000000,0.00000000078169200000,,,,,,
396.95200000000000000000,0.00000000078014600000,,,,,,
397.89400000000000000000,0.00000000077881800000,,,,,,
398.83300000000000000000,0.00000000077730900000,,,,,,
399.81100000000000000000,0.00000000077601000000,,,,,,
400.75100000000000000000,0.00000000077500200000,,,,,,
401.69600000000000000000,0.00000000077395700000,,,,,,
402.63600000000000000000,0.00000000077298800000,,,,,,
403.57700000000000000000,0.00000000073417500000,,,,,,
404.51900000000000000000,0.00000000047580200000,,,,,,
405.46000000000000000000,0.00000000021606900000,,,,,,
406.40600000000000000000,-0.00000000005147900000,,,,,,
409.06500000000000000000,-0.00000000005005080000,,,,,,
410.30400000000000000000,-0.00000000004942150000,,,,,,
411.54600000000000000000,-0.00000000004922520000,,,,,,
412.78900000000000000000,-0.00000000005133790000,,,,,,
414.02900000000000000000,-0.00000000005180270000,,,,,,
415.26600000000000000000,-0.00000000005246110000,,,,,,
416.54600000000000000000,-0.00000000005306870000,,,,,,
417.79000000000000000000,-0.00000000005381790000,,,,,,
419.02900000000000000000,0.00000000057650800000,,,,,,
421.69500000000000000000,0.00000000076067200000,,,,,,
422.63400000000000000000,0.00000000076072300000,,,,,,
423.57200000000000000000,0.00000000075843800000,,,,,,
424.51000000000000000000,0.00000000075656100000,,,,,,
425.45100000000000000000,0.00000000075484800000,,,,,,
426.39700000000000000000,0.00000000075360600000,,,,,,
427.33700000000000000000,0.00000000075229100000,,,,,,
428.27700000000000000000,0.00000000075101200000,,,,,,
429.22000000000000000000,0.00000000075010100000,,,,,,
430.15900000000000000000,0.00000000074908600000,,,,,,
431.09900000000000000000,0.00000000074816100000,,,,,,
432.04200000000000000000,0.00000000074722600000,,,,,,
433.02000000000000000000,0.00000000074641000000,,,,,,
433.95900000000000000000,0.00000000060949200000,,,,,,
434.89600000000000000000,0.00000000035175600000,,,,,,
435.83500000000000000000,-0.00000000007847440000,,,,,,
438.49500000000000000000,-0.00000000007606480000,,,,,,
439.73500000000000000000,-0.00000000007525380000,,,,,,
440.97500000000000000000,-0.00000000007306150000,,,,,,
442.21500000000000000000,-0.00000000007254220000,,,,,,
443.45800000000000000000,-0.00000000007237140000,,,,,,
444.69800000000000000000,-0.00000000007285110000,,,,,,
445.93800000000000000000,-0.00000000007331150000,,,,,,
447.17800000000000000000,-0.00000000007331660000,,,,,,
448.42600000000000000000,-0.00000000000136622000,,,,,,
449.70400000000000000000,0.00000000066290700000,,,,,,
452.36300000000000000000,0.00000000067553400000,,,,,,
453.30200000000000000000,0.00000000067321200000,,,,,,
454.24200000000000000000,0.00000000067549200000,,,,,,
455.18000000000000000000,0.00000000067698000000,,,,,,
456.12100000000000000000,0.00000000067588500000,,,,,,
457.06000000000000000000,0.00000000067792200000,,,,,,
458.00000000000000000000,0.00000000067766300000,,,,,,
458.93800000000000000000,0.00000000067692600000,,,,,,
459.87600000000000000000,0.00000000067506600000,,,,,,
460.82000000000000000000,0.00000000067426200000,,,,,,
461.76100000000000000000,0.00000000067554700000,,,,,,
462.70000000000000000000,0.00000000067650100000,,,,,,
463.63900000000000000000,0.00000000062740900000,,,,,,
464.57700000000000000000,0.00000000038922600000,,,,,,
465.52500000000000000000,0.00000000014403800000,,,,,,
466.51100000000000000000,-0.00000000008959950000,,,,,,
469.17000000000000000000,-0.00000000008218640000,,,,,,
470.41200000000000000000,-0.00000000008243410000,,,,,,
471.65600000000000000000,-0.00000000008359030000,,,,,,
472.89700000000000000000,-0.00000000008195350000,,,,,,
474.13600000000000000000,-0.00000000008356070000,,,,,,
475.38000000000000000000,-0.00000000008799960000,,,,,,
476.62400000000000000000,-0.00000000009549040000,,,,,,
477.86200000000000000000,-0.00000000009660550000,,,,,,
479.10200000000000000000,0.00000000054579700000,,,,,,
481.76100000000000000000,0.00000000071267100000,,,,,,
482.74500000000000000000,0.00000000071182500000,,,,,,
483.68800000000000000000,0.00000000070975300000,,,,,,
484.62700000000000000000,0.00000000070784700000,,,,,,
485.57200000000000000000,0.00000000070633400000,,,,,,
486.51000000000000000000,0.00000000070520800000,,,,,,
487.45000000000000000000,0.00000000070397400000,,,,,,
488.39500000000000000000,0.00000000070297900000,,,,,,
489.33500000000000000000,0.00000000070212900000,,,,,,
490.27400000000000000000,0.00000000070108400000,,,,,,
491.21400000000000000000,0.00000000070008400000,,,,,,
492.15400000000000000000,0.00000000069949100000,,,,,,
493.09600000000000000000,0.00000000069880600000,,,,,,
494.03500000000000000000,0.00000000054365100000,,,,,,
494.97400000000000000000,0.00000000028568600000,,,,,,
495.91300000000000000000,-0.00000000011620600000,,,,,,
499.99800000000000000000,-0.00000000011476400000,,,,,,
500.97600000000000000000,-0.00000000011445200000,,,,,,
501.92600000000000000000,-0.00000000011433000000,,,,,,
502.87100000000000000000,-0.00000000011439700000,,,,,,
503.81300000000000000000,-0.00000000011459200000,,,,,,
504.75100000000000000000,-0.00000000011471700000,,,,,,
505.69500000000000000000,-0.00000000011505800000,,,,,,
506.63400000000000000000,-0.00000000011563700000,,,,,,
507.57300000000000000000,-0.00000000011584900000,,,,,,
508.51400000000000000000,0.00000000069269000000,,,,,,
512.59600000000000000000,0.00000000069381600000,,,,,,
513.53500000000000000000,0.00000000069262000000,,,,,,
514.47600000000000000000,0.00000000069094100000,,,,,,
515.41300000000000000000,0.00000000068864500000,,,,,,
516.35200000000000000000,0.00000000068719700000,,,,,,
517.33400000000000000000,0.00000000068592400000,,,,,,
518.27200000000000000000,0.00000000068483200000,,,,,,
519.21100000000000000000,0.00000000068379600000,,,,,,
520.15100000000000000000,0.00000000068287400000,,,,,,
521.09500000000000000000,0.00000000068187600000,,,,,,
522.03400000000000000000,0.00000000068107200000,,,,,,
522.97400000000000000000,0.00000000068024000000,,,,,,
523.91200000000000000000,0.00000000055696600000,,,,,,
524.85100000000000000000,0.00000000030254200000,,,,,,
525.79800000000000000000,-0.00000000013682100000,,,,,,
529.87600000000000000000,-0.00000000013614700000,,,,,,
530.82100000000000000000,-0.00000000013560400000,,,,,,
531.76100000000000000000,-0.00000000013511300000,,,,,,
532.70100000000000000000,-0.00000000013495900000,,,,,,
533.68100000000000000000,-0.00000000013505000000,,,,,,
534.62500000000000000000,-0.00000000013499500000,,,,,,